USE vendas;

INSERT INTO cliente(id,nome,idade,endereco,cidade,estado)VALUES
(1,'José',25,'rua 15','Santos','SP'),
(2,'Miguel',20,'rua 12','Sao miguel','MG'),
(3,'Paulo',22,'rua arvore','Rifaina','RJ'),
(4,'Carlos',23,'rua das palmas','Passos','SP'),
(5,'Bruno',27,'rua dos coqueiros','Araguari','RJ'),
(6,'Maria',25,'rua 14 farias','Pontes','MG'),
(7,'Antonio',21,'rua bento gonçalves','Sao caetano','BA'),
(8,'Josué',30,'rua dezoito','Porto','MT'),
(9,'Gabriel',32,'rua cricrcri','Serra','RS'),
(10,'Danilo',33,'rua das mangas','Montes','SP'),
(11,'Lucia',25,'rua dos bois','Dias','MT'),
(12,'Andre',27,'rua das cabritas','Alguma','RS'),
(13,'Matheus',18,'rua dos andes','Perdizes','MG'),
(14,'Regis',34,'rua das plantas','Bahhamas','MG'),
(15,'Bruna',22,'rua das palmeiras','Pedrinhas','BA'),
(16,'Paula',21,'rua bento 14','Santo monte','RS'),
(17,'Andina',22,'rua sp','Santos','RJ'),
(18,'Neusa',30,'rua bernandido','Sales','MG'),
(19,'Amanda',32,'rua pelando','Rosa viterbo','BA'),
(20,'Samanta',30,'rua flores','Aleluia','MT'),
(21,'Davi',25,'rua mantedres','Maringa','SP'),
(22,'Vini',27,'rua avenidade avewnue','Curitiba','SP'),
(23,'Junior',26,'rua polemica','Anapolis','RJ'),
(24,'Vitor',22,'rua porta dos fundos','Frutal','RJ'),
(25,'Fabiola',24,'rua miguel','Caqui','SP'),
(26,'Fernanda',23,'rua andrade','Santos','SP'),
(27,'Fernando',20,'rua andorras','Caqui','MG'),
(28,'Patricia',20,'rua faria','Oliveira','MG'),
(29,'Washigton',18,'rua pastel','Vanice','SP'),
(30,'Weligton',21,'rua cozinha','Pontes','MG'),
(31,'Walace',27,'rua kibe','Andinas','RS'),
(32,'Walice',28,'rua coxinha','Ribeirao','MG'),
(33,'Wanda',33,'rua palmito','Bonito','RJ'),
(34,'Wanderson',32,'rua doce de mel','Campos','RJ'),
(35,'Rita',33,'rua alvarez','Sorocaba','MT'),
(36,'Roberto',34,'rua cabral','Uberaba','BA'),
(37,'Roberta',30,'rua nosso santo','Araras','RS'),
(38,'Renam',25,'rua pai amado','Joivillie','SP'),
(39,'Tiago',26,'rua nova yorkeira','Nova cidade','RJ'),
(40,'Tuane',27,'rua pamonhas','Penapolis','SP'),
(41,'Tauane',22,'rua das palitas','Anhagueras','RJ'),
(42,'Yago',21,'rua pedregulho','Rioss','MG'),
(43,'Yasmin',23,'rua santa monica','Mare','MG'),
(44,'Udson',24,'rua sao luiz','Avare','BA'),
(45,'Ianna',25,'rua maringa','Potrizes','BA'),
(46,'Iago',26,'rua morro dos piolhos','Petropolis','RS'),
(47,'Olinda',28,'rua azevedos','Pira','SP'),
(48,'Ohana',27,'rua araras','Bruneli','SP'),
(49,'Sousa',23,'rua andorra','Ostras','MG'),
(50,'Samira',22,'rua andorinhas','Conchas','MT'),
(51,'Samarah',21,'rua tigres','Siri','MT'),
(52,'Felipe',28,'rua pernanbucans','Oliva','RJ'),
(53,'Felipa',27,'rua magalu','Bahia','BA'),
(54,'Fanta',26,'rua poste mijado','Mundo novo','SP'),
(55,'George',30,'rua quentao queimado','Caragua','BA'),
(56,'Georgia',31,'rua paçoquinha','Prainha','BA'),
(57,'Clark',25,'rua cachorro caramelo','Lutoss','RJ'),
(58,'Camilah',24,'rua doce de leite','Leitao','SP'),
(59,'Daniela',23,'rua mijhar eh bom','Famoso','MG'),
(60,'Alberto',22,'rua beba agua','Silverado','MT');

INSERT INTO produto(id,nome,categoria,descricao,valor,avaliacao)VALUES
(1,'Smartphone Sansung Galaxy s20','celular', 'celular novo 2022...',2000.00,4),
(2,'Tv toshiba','tv', 'tv 50"...',4000.00,3),
(3,'Robo aspirador Eos','aspirador', 'limpa,aspira...',1000.00,3),
(4,'Pc Sansgung gamer','computador', 'computador gamer',2500.00,5),
(5,'Smartphone Sansung M3 ','celular', 'celular novo 2022...',1050.00,3),
(6,'Tv Semp','tv', 'tv 43"...',2500.00,2),
(7,'Robo aspirador Xiaomi','aspirador', 'aspira limpa',800.00,4),
(8,'Iphone 14','celular', 'celular novo 2022...',10000.00,4),
(9,'TV lcd','tv', 'tv 48"...',3000.00,5),
(10,'Smartphone Xiaomi ','celular', 'celular novo 2022...',1800.00,5),
(11,'Notebook dell inspiration','notebook', 'notebook gamer...',2040.00,3),
(12,'Pc Acer','computador', 'comnputador uso pessoal...',1400.00,1),
(13,'Robo aspirador Sansug','aspirador', 'aspira e limpa...',1050.00,3),
(14,'Iphone 13','celular', 'celular novo 2022...',5000.00,4),
(15,'Tv Panassonic','tv', 'tv 47"...',1450.00,2);

INSERT INTO pagamento(id,tipo,codigo_pix,codigo_boleto,nome_cartao,numero_cartao,data_validade_cartao)VALUES
(1,'b',default,default,default,default,default),
(2,'p',default,default,default,default,default),
(3,'c',default,default,default,default,default);


INSERT INTO pedido(id,cliente_id,pagamento_id,data_pedido,entrega_prevista,entrega_efetuada,produto_id,quantidade_produto,frete)VALUES
(1,1,1,'2021-11-01','2021-11-10','2021-11-10',1,2,15.00),
(2,2,2,'2021-11-01','2021-11-10','2021-11-11',2,1,15.00),
(3,3,3,'2021-11-02','2021-11-11','2021-11-11',3,1,15.00),
(4,4,1,'2021-11-03','2021-11-11','2021-11-12',4,1,25.00),
(5,5,3,'2021-11-04','2021-11-12','2021-11-12',5,1,15.00),
(6,6,1,'2021-11-05','2021-11-13','2021-11-13',6,2,25.00),
(7,7,2,'2021-11-08','2021-11-14','2021-11-14',7,1,15.00),
(8,8,2,'2021-11-08','2021-11-15','2021-11-16',8,1,15.00),
(9,9,1,'2021-11-10','2021-11-16','2021-11-16',9,1,25.00),
(10,10,3,'2021-11-11','2021-11-17','2021-11-17',10,1,15.00),
(11,11,1,'2021-11-12','2021-11-19','2021-11-19',11,2,15.00),
(12,12,2,'2021-11-15','2021-11-22','2021-11-22',12,1,15.00),
(13,13,3,'2021-11-16','2021-11-24','2021-11-24',13,1,15.00),
(14,14,1,'2021-11-18','2021-11-25','2021-11-25',14,1,25.00),
(15,15,3,'2021-11-20','2021-11-27','2021-11-27',15,1,15.00),
(16,16,1,'2021-11-22','2021-11-27','2021-11-27',6,2,25.00),
(17,17,2,'2021-11-23','2021-11-28','2021-11-29',7,1,15.00),
(18,18,2,'2021-11-24','2021-11-30','2021-11-30',8,1,15.00),
(19,19,1,'2021-11-24','2021-11-30','2021-12-01',9,1,25.00),
(20,20,3,'2021-11-25','2021-12-02','2021-12-02',10,1,15.00),
(21,21,1,'2021-12-02','2021-12-10','2021-12-10',1,2,15.00),
(22,22,2,'2021-12-05','2021-12-12','2021-12-12',2,1,15.00),
(23,23,3,'2021-12-06','2021-12-14','2021-12-14',3,1,15.00),
(24,24,1,'2021-12-08','2021-12-15','2021-12-15',4,1,25.00),
(25,25,1,'2021-12-10','2021-12-17','2021-12-17',5,1,15.00),
(26,26,1,'2021-12-12','2021-12-17','2021-12-17',6,2,25.00),
(27,27,2,'2021-12-13','2021-12-18','2021-12-19',7,1,15.00),
(28,28,2,'2021-12-14','2021-12-30','2021-12-30',8,1,15.00),
(29,29,2,'2021-12-14','2021-12-30','2021-12-30',9,1,25.00),
(30,30,2,'2021-12-15','2021-12-31','2021-12-31',10,1,15.00),
(31,31,3,'2021-12-17','2021-12-25','2021-12-25',11,2,15.00),
(32,32,3,'2021-12-18','2021-12-28','2021-12-28',12,1,15.00),
(33,33,3,'2021-12-19','2021-12-28','2021-12-28',13,1,15.00),
(34,34,1,'2021-12-20','2021-12-28','2021-12-28',14,1,25.00),
(35,35,2,'2021-12-20','2021-12-28','2021-12-29',15,1,15.00),
(36,36,1,'2021-12-22','2021-12-30','2021-12-30',6,2,25.00),
(37,37,2,'2021-12-23','2021-12-30','2021-12-31',7,1,15.00),
(38,38,2,'2021-12-24','2021-12-31','2021-12-31',7,1,15.00),
(39,39,1,'2021-12-24','2021-12-31','2021-12-31',7,1,25.00),
(40,40,2,'2021-12-25','2021-12-31','2021-12-31',2,1,15.00),
(41,41,3,'2022-01-17','2022-01-25','2022-01-25',11,2,15.00),
(42,42,3,'2022-01-18','2022-01-28','2022-01-28',12,1,15.00),
(43,43,3,'2022-01-19','2022-01-28','2022-01-28',13,1,15.00),
(44,44,1,'2022-01-20','2022-01-28','2022-01-28',14,1,25.00),
(45,45,2,'2022-01-20','2022-01-28','2022-01-29',15,1,15.00),
(46,46,1,'2022-01-22','2022-01-30','2022-01-30',1,2,25.00),
(47,47,2,'2022-01-23','2022-01-30','2022-01-30',2,1,15.00),
(48,48,2,'2022-01-24','2022-01-30','2022-01-30',3,1,15.00),
(49,49,1,'2022-01-24','2022-01-30','2022-01-30',3,1,25.00),
(50,50,2,'2022-01-25','2022-01-30','2022-01-30',2,1,15.00),
(51,51,2,'2022-02-17','2022-02-25','2022-02-25',1,2,15.00),
(52,52,2,'2022-02-18','2022-02-28','2022-02-28',12,1,15.00),
(53,53,2,'2022-02-19','2022-02-28','2022-02-28',3,1,15.00),
(54,54,1,'2022-02-20','2022-02-28','2022-03-01',14,1,25.00),
(55,55,2,'2022-02-20','2022-02-28','2022-03-01',5,1,15.00),
(56,56,2,'2022-02-22','2022-03-03','2022-03-03',1,2,25.00),
(57,57,2,'2022-02-23','2022-03-04','2022-03-04',2,1,15.00),
(58,58,3,'2022-02-24','2022-03-05','2022-03-05',3,1,15.00),
(59,59,1,'2022-02-24','2022-03-06','2022-03-07',3,1,25.00),
(60,60,2,'2022-02-25','2022-03-08','2022-03-08',2,1,15.00),
(61,1,2,'2022-03-17','2022-03-25','2022-03-25',1,2,15.00),
(62,2,2,'2022-03-18','2022-03-28','2022-03-28',12,1,15.00),
(63,3,2,'2022-03-19','2022-03-28','2022-03-28',4,1,15.00),
(64,4,1,'2022-03-20','2022-03-28','2022-03-01',5,1,25.00),
(65,5,2,'2022-03-20','2022-03-28','2022-03-01',7,1,15.00),
(66,6,2,'2022-03-22','2022-04-03','2022-04-03',1,2,15.00),
(67,7,2,'2022-03-23','2022-04-04','2022-04-04',3,1,15.00),
(68,8,3,'2022-03-24','2022-04-05','2022-04-05',3,1,15.00),
(69,9,1,'2022-03-24','2022-04-06','2022-04-07',3,1,25.00),
(70,10,2,'2022-03-25','2022-04-08','2022-04-08',2,1,15.00),
(71,11,2,'2022-04-17','2022-04-25','2022-04-25',1,2,15.00),
(72,22,2,'2022-04-18','2022-04-28','2022-04-28',12,1,15.00),
(73,33,2,'2022-04-19','2022-04-28','2022-04-28',4,1,15.00),
(74,45,1,'2022-04-20','2022-04-28','2022-04-01',2,1,25.00),
(75,51,2,'2022-04-20','2022-04-28','2022-04-01',2,1,15.00),
(76,60,2,'2022-04-22','2022-05-03','2022-05-03',1,2,15.00),
(77,17,2,'2022-04-23','2022-05-04','2022-05-04',3,1,15.00),
(78,18,3,'2022-04-24','2022-05-05','2022-05-05',4,1,15.00),
(79,19,1,'2022-04-24','2022-05-06','2022-05-07',3,1,25.00),
(80,20,2,'2022-04-25','2022-05-08','2022-05-08',2,1,15.00);























